{
  "description": "项目配置文件。",
  "setting": {
    "urlCheck": true,
    "es6": true,
    "postcss": true,
    "minified": true,
    "newFeature": true,
    "babelSetting": {
      "ignore": [],
      "disablePlugins": [],
      "outputPath": ""
    },
    "condition": false
  },
  "compileType": "miniprogram",
  "libVersion": "2.32.2",
  "appid": "wx14151ded7b4b6928",
  "projectname": "XX%E8%B6%85%E5%B8%82%E5%B0%8F%E7%A8%8B%E5%BA%8F",
  "condition": {},
  "packOptions": {
    "ignore": [],
    "include": []
  },
  "editorSetting": {
    "tabIndent": "insertSpaces",
    "tabSize": 2
  },
  "cloudfunctionTemplateRoot": "cloudfunctionTemplate/"
}